מסמך,גודל
4446,55
4412,50
3734,161
4447,143
4026,117
3724,156
4024,82
4025,150
4022,121
4023,80
4020,109
3725,50
3798,104
4028,116
4029,84
4607,32
4642,52
4417,88
4261,146
344,89
345,126
346,180
347,80
340,68
341,101
342,125
343,121
2918,67
3996,110
3995,61
3994,286
348,87
349,27
3990,79
4686,119
4844,123
3530,70
4643,57
4186,119
4416,129
4684,101
3002,209
4685,101
2919,125
1653,54
4682,69
4683,59
4732,125
4733,82
4730,78
4731,79
4736,113
4640,98
2318,84
2319,110
2316,91
2317,97
2314,66
2315,90
2312,65
2313,122
2310,140
2311,192
4527,72
298,101
299,89
296,55
297,76
294,101
295,71
292,34
293,69
290,54
291,108
3773,133
3772,128
3771,82
3770,97
3777,107
3776,100
3775,133
3774,63
2147,94
3779,82
3778,89
4522,82
270,92
271,67
272,103
273,33
274,56
275,27
276,69
277,37
278,79
279,54
4520,212
4659,88
4658,94
3465,176
3211,34
4413,95
3163,76
1780,244
2146,122
2268,73
2269,49
4781,97
2262,86
2263,144
2260,113
2261,55
2266,83
2267,61
2264,114
2265,89
2442,137
2443,88
2440,46
2441,113
1781,177
2447,138
2444,91
2445,134
2448,70
2449,221
2189,88
108,263
109,89
4830,120
102,128
103,75
100,71
101,80
106,149
107,77
104,62
105,84
2046,94
2047,86
2044,135
2045,133
2042,100
2043,109
2040,53
2041,79
4819,71
3198,74
2048,144
2049,96
4832,66
3150,66
4645,109
4978,68
3155,81
3154,50
3238,106
1372,8
2737,90
2038,115
2836,91
4456,98
3159,47
3597,126
4979,134
1001,116
3158,216
3513,148
3512,146
3511,109
3446,152
1210,105
3239,59
3515,129
1375,104
2688,75
2689,53
2684,113
2685,102
2686,98
2687,96
2680,79
1655,107
2682,92
2683,87
3391,110
3999,64
3390,57
1374,66
99,173
98,112
3019,54
4937,107
91,79
90,89
93,67
92,82
95,348
94,53
97,111
96,295
1623,66
1622,218
1621,60
1620,64
1627,30
1626,62
1625,77
1624,94
1999,111
1998,115
1629,103
1377,67
3209,90
3208,111
3013,88
4974,89
4526,134
2860,87
2861,49
2862,14
2863,148
559,25
558,63
2866,86
2867,136
555,124
554,82
557,108
556,191
551,101
550,106
553,78
552,64
2744,108
3538,80
1439,81
4525,161
1199,147
1198,136
3348,211
3349,84
4971,154
1191,46
1190,91
1193,34
1192,56
1195,84
1194,111
1197,44
1196,157
4976,113
1759,104
1758,144
1757,124
1756,107
1755,110
1754,116
1753,178
1752,121
1751,72
1750,83
1177,54
1176,33
1175,145
1174,64
1173,88
1172,57
1171,84
1170,66
4251,94
4250,101
4253,84
4252,79
4255,176
4254,52
1179,98
1178,47
511,36
4977,65
2964,68
510,159
3440,77
4523,98
513,42
1285,43
1284,95
1287,113
512,28
1281,52
1280,49
1283,81
1282,48
1003,83
879,100
1289,78
1288,56
514,79
3430,50
1579,101
1578,63
689,130
688,28
3431,88
685,168
684,56
687,45
686,50
681,46
680,121
683,24
682,119
458,45
3433,55
1349,135
3434,92
621,96
873,85
1224,57
3436,107
1223,74
3437,108
4152,137
1222,101
2741,39
4389,56
4388,80
1221,121
2740,45
4383,80
4382,106
4381,96
1220,38
4387,103
2743,15
4385,144
4384,61
407,50
406,51
405,62
404,48
403,82
402,38
401,65
400,37
1379,106
1378,139
1342,70
409,39
408,39
3834,105
3835,74
3836,74
1343,94
3830,151
2747,66
3832,53
3833,63
3971,89
454,28
2148,425
3838,65
3839,108
455,87
4031,101
2749,56
4033,70
4032,64
4035,106
1346,44
4037,76
2748,121
4039,162
4038,62
1347,93
4846,56
4981,88
4737,117
3796,119
3569,79
4734,81
4735,109
3206,121
379,47
378,50
3620,130
4842,89
371,120
370,69
373,92
372,47
375,75
374,83
377,52
376,68
4739,115
2295,34
3093,101
4940,79
3205,185
393,113
392,25
391,68
390,27
397,100
396,90
395,69
394,109
4404,51
399,92
398,56
3593,101
895,78
2309,70
2308,48
4729,84
4594,100
2301,59
2300,106
2303,92
2302,63
2305,101
2304,203
2307,87
2306,62
4676,98
4696,123
3592,112
2746,165
4919,87
3748,130
3749,69
3746,50
3203,56
3744,58
3745,85
3742,107
3743,96
3740,40
3741,79
245,83
244,87
247,93
246,64
241,65
240,12
243,75
242,52
4628,108
4629,128
3591,105
249,66
248,91
2275,51
2274,95
2277,135
2276,50
2271,36
2270,38
2273,99
2272,24
2279,75
2278,20
4407,89
2337,107
2198,97
4318,61
2459,12
2458,59
2455,16
2454,108
2457,91
2456,51
2451,25
2450,99
2453,91
2452,16
179,87
178,93
177,144
176,127
175,94
174,18
173,86
172,148
171,62
170,30
2051,138
1502,284
2053,186
2052,110
2055,71
2054,60
2057,35
1503,108
2059,190
2058,55
3692,69
3693,138
3694,50
1500,76
3696,85
3697,163
1501,117
4802,95
4633,151
1506,111
2968,112
4856,77
4795,110
1507,124
1504,113
4740,101
4437,62
1505,130
4402,83
4864,124
3526,95
2157,29
3524,151
3525,71
3522,212
3523,53
3520,104
3521,109
4916,118
3087,133
1227,79
3529,130
4655,150
3086,88
4654,76
4670,101
3543,107
4657,96
4985,121
3594,68
1977,136
4656,100
3083,138
2699,91
1976,114
2697,69
2696,80
2695,26
659,21
1226,98
1975,51
2691,117
2690,19
2405,117
1974,86
3782,91
1973,83
4983,91
4652,132
4984,179
1972,33
4556,68
1971,73
4319,111
4620,91
1970,47
4554,100
3232,108
3233,97
3230,80
3231,90
1968,79
1969,46
1618,105
1619,108
1616,112
1617,114
1614,121
1615,67
1612,72
1613,73
1610,57
1611,79
1985,96
4532,126
3650,119
4551,62
2873,105
2872,75
2871,65
2870,53
2877,142
2876,123
2875,68
2542,34
4564,99
4986,71
2879,43
2878,118
4534,89
3355,99
3354,71
3357,108
3356,105
3351,34
3350,65
3353,134
3352,78
3359,39
4835,119
3781,85
3953,126
4989,130
2544,51
4535,56
4917,97
1768,56
1769,125
1762,96
1763,107
1760,145
1761,82
1766,113
1767,152
1764,132
1765,117
1142,62
1143,82
1140,63
1141,18
1146,94
1147,60
1144,75
1145,65
1148,56
1149,48
2967,69
4820,71
2966,43
2402,86
3787,101
692,37
693,59
690,98
691,72
696,81
697,24
694,68
695,76
4537,104
698,97
699,101
1548,76
1549,163
542,24
543,110
540,104
541,74
546,16
547,10
544,78
545,92
3784,127
548,62
549,97
1782,84
3885,62
1783,72
1784,68
1785,124
1786,113
2388,204
1787,62
3880,88
3320,90
4848,118
4631,122
4531,130
4797,112
414,83
415,21
416,32
417,32
410,76
411,93
412,114
413,61
1384,62
1385,65
1386,62
1387,117
418,31
419,61
1382,57
1383,89
3827,148
3826,83
3825,115
3824,159
3823,54
3822,115
3821,106
3820,80
4845,129
3582,75
3829,105
3828,118
3583,106
2446,85
2438,167
3585,79
4282,287
4283,118
4280,114
3042,97
4286,123
4287,128
4284,164
4129,60
4288,174
3587,79
4495,87
4752,57
3588,64
368,73
369,68
366,62
367,104
364,109
365,63
362,70
363,46
360,81
361,75
2760,48
3202,73
380,117
381,60
382,76
383,55
384,25
385,33
386,56
387,21
388,56
389,121
3556,196
4313,61
3215,57
4758,79
4759,67
4750,177
4751,114
4687,123
4753,82
2908,93
4755,64
4756,97
4757,95
2792,157
3216,68
3759,85
3758,134
4569,125
4664,117
3751,25
3750,31
3753,26
3752,65
3755,72
3754,115
3757,89
3756,114
2190,46
2191,33
258,62
259,51
2194,44
2195,80
2196,78
2197,78
252,119
253,96
250,72
251,69
256,49
257,100
254,34
255,55
2200,128
2201,192
2202,84
2203,80
2204,105
2205,147
2206,66
2207,44
2208,90
2209,145
3210,57
1679,69
2428,141
2429,60
2400,124
4812,15
2420,102
2421,133
2422,71
2423,73
2424,55
1849,94
2426,56
2427,95
2432,78
4329,78
1848,45
168,89
169,116
164,99
165,120
166,114
167,134
160,87
161,124
162,46
163,64
4839,84
4347,48
3689,34
3688,92
4815,88
4529,56
4528,67
3683,82
3682,199
3681,62
4524,89
3687,64
3686,64
3685,132
3684,34
4422,74
3257,56
3212,93
2518,151
2519,146
1842,65
2514,294
2515,156
2516,78
2517,51
2510,114
1841,95
2512,27
2513,66
2734,101
2735,58
2736,65
1840,34
2730,73
2731,116
2732,122
2733,121
4426,173
2738,66
2739,98
4427,169
3531,96
3213,67
3533,20
3532,103
3535,99
3534,78
3537,63
3536,65
3539,57
678,64
4425,49
679,77
1814,72
1815,55
1816,33
1817,79
1810,111
1811,48
1812,212
1813,91
4339,65
1818,110
1819,123
4343,145
4336,72
4959,126
4337,89
4334,81
4335,122
670,88
2795,85
4700,79
671,58
4952,42
4330,54
4953,78
2401,123
4331,105
4950,61
1609,102
1608,88
4987,98
4951,46
3229,107
3228,110
1979,69
1978,86
1601,62
1600,79
1603,98
1602,148
1605,131
1604,70
1607,114
1606,125
809,86
808,63
4954,58
803,141
802,14
801,65
800,110
807,129
806,66
805,100
804,86
2848,81
2849,185
2846,55
2847,90
2844,102
2845,60
2842,133
2843,105
2840,84
2841,129
3039,107
3321,41
3322,93
3323,43
3324,108
3325,40
3326,150
3327,39
3328,97
3329,130
3589,127
1775,91
1774,107
1777,78
1776,120
1771,213
1770,73
1773,79
1772,136
1779,184
1778,98
4982,94
3972,123
608,76
4991,103
3975,177
3974,84
4973,86
2998,78
1159,67
1158,72
4913,108
2999,32
1155,55
1154,106
1157,111
1156,78
1151,126
1150,106
1153,45
1152,66
1555,100
2618,33
1554,142
1551,79
1550,149
1553,62
1552,106
59,109
58,95
1557,105
1556,58
55,74
54,95
57,66
56,39
51,43
50,103
53,118
52,78
537,93
536,26
535,96
534,49
533,135
532,94
531,88
530,120
2992,13
539,52
538,62
2993,107
1558,101
2994,98
3541,154
2995,58
2805,120
3294,141
2996,174
3295,85
2997,74
3296,153
4690,84
3297,66
3290,198
3291,99
429,83
428,84
3292,84
1399,76
1398,112
421,39
420,67
423,34
422,88
425,90
424,33
427,21
426,51
3812,53
3452,38
3810,31
3811,124
3816,105
3817,115
3814,66
3453,90
3818,66
3819,89
4834,91
3450,115
3451,63
3627,116
3456,85
3626,94
4910,90
4692,120
3457,162
4890,55
4841,116
4299,94
3454,191
4295,68
4294,66
4297,58
3455,87
4291,88
4290,127
4293,78
4292,102
4584,161
4695,100
4972,97
4691,98
3510,85
3517,102
3516,125
3514,64
4749,81
4748,80
4552,125
4743,125
4742,123
4741,113
3474,58
4747,99
4746,70
4745,57
4744,76
4243,113
4714,74
4715,64
3475,101
4716,66
2183,101
2182,75
2181,194
2180,102
2187,67
2186,65
229,45
228,35
227,64
226,32
225,115
224,56
223,70
222,90
221,127
220,66
2213,45
2212,101
2211,86
2210,129
2217,96
2216,108
2215,73
2214,98
2219,62
2218,131
3698,75
2681,45
4728,57
2230,71
3549,97
151,127
150,155
153,34
152,151
155,163
154,69
157,61
156,67
159,89
158,134
2431,104
2430,41
2437,106
2436,110
2435,110
2434,48
4922,71
2236,53
4901,181
4518,158
3470,157
4988,113
4512,42
4513,149
4510,223
4511,138
4516,52
4517,72
4514,81
4515,147
2509,67
2508,86
2507,92
2506,77
2505,56
2504,96
2503,61
2502,53
2501,156
2500,123
2727,71
2726,89
2725,71
2724,23
2723,91
2722,74
2721,22
2720,50
2729,108
2728,111
4367,67
4975,69
4468,169
4712,64
2199,104
1807,60
1806,35
1805,81
1804,107
1803,50
1802,113
1801,120
1800,143
3788,72
3789,81
1809,73
1808,80
4996,67
4997,98
4994,79
4995,84
4992,123
4993,99
4990,141
3089,41
4491,91
3473,110
4829,106
4999,88
3765,67
4843,79
3088,82
3710,105
3258,134
1524,117
1948,169
1544,64
4726,130
1525,80
1942,140
1943,70
1940,186
1941,27
1946,163
1526,78
1944,39
1945,39
818,87
819,59
1527,46
810,43
811,54
812,322
813,35
814,31
815,36
816,135
817,6
2859,90
1545,81
3495,73
1522,112
1990,39
2851,99
2850,70
2853,130
1523,78
2855,98
1993,74
2857,80
2856,93
1490,98
1397,92
1492,60
1493,112
1494,71
1495,61
1496,75
1396,47
1498,60
1499,70
3339,134
3338,116
1395,85
4189,105
1994,29
1700,83
1701,58
1702,63
1394,122
1704,91
1705,122
1706,31
1707,129
1708,61
1393,120
1996,141
4572,121
1392,79
4573,61
1391,69
3217,24
1390,81
4188,138
3659,89
1128,61
1129,81
1628,92
4576,97
3813,50
1120,55
1121,141
1122,110
1123,70
1124,91
1125,248
1126,102
1127,109
4490,89
4826,152
4579,92
4722,84
2989,163
2988,74
3029,49
3028,119
2983,78
2982,47
2981,78
2980,131
2987,95
2986,73
2985,140
2984,71
524,56
525,120
526,71
527,92
520,85
521,44
522,90
523,117
1014,108
1015,41
1016,60
1017,96
528,83
529,99
1012,79
1013,115
1234,94
1235,57
1236,97
1237,151
1230,112
1231,86
1232,98
1233,129
4196,62
3957,71
4194,68
4195,68
1238,71
1239,93
4190,111
3956,114
2526,54
4358,170
3955,94
4354,55
4355,107
4356,92
3954,336
3167,93
4351,96
4352,140
4353,52
4679,136
4955,82
4678,100
4677,82
438,25
439,65
436,90
437,73
434,25
435,68
432,95
433,48
430,49
431,134
4902,49
3809,85
3808,68
3805,104
3804,168
3807,38
3806,68
3801,50
3800,273
3803,142
3802,66
4671,124
2864,58
4849,118
2481,46
2865,33
1967,134
2868,136
4332,87
3162,124
2869,84
4925,88
3082,141
1960,164
4776,59
4777,121
3314,132
4775,111
3077,41
4773,109
4770,71
4771,87
4076,102
4440,106
4778,124
4298,94
4174,122
4175,79
4176,121
3225,113
4170,117
4171,124
4172,111
4173,84
1961,158
4178,93
4179,95
3160,14
3060,172
4957,81
4469,116
4521,68
2464,40
4296,111
3065,77
2465,29
3952,92
4183,82
3064,42
2466,44
3161,106
4618,153
2467,68
238,21
4070,124
234,86
235,82
236,27
237,58
230,40
231,57
232,60
233,93
3068,31
2462,56
2228,83
2229,89
2226,86
2227,98
2224,135
2225,36
2222,133
2223,83
2220,32
2221,54
1,59
4880,100
4881,83
4837,88
4882,104
146,55
147,86
144,103
145,117
142,62
143,112
140,63
141,48
2468,197
148,41
149,56
4505,145
4504,140
4507,53
4506,210
4501,82
4500,153
4503,135
4502,105
4874,70
4887,91
4509,111
4508,140
3401,34
2088,64
2089,71
3400,78
2082,261
2083,160
2080,152
2081,49
2086,73
2087,176
2084,245
2085,114
4403,82
3342,189
2538,101
2539,94
3343,215
2532,97
2533,176
2530,143
2531,160
2536,197
2537,95
2534,170
2535,140
2712,111
2713,20
2710,104
2711,83
2716,81
2717,95
2714,123
2715,50
3346,231
2718,57
2719,65
3347,88
3409,71
3344,106
3408,197
3345,35
1832,53
1833,61
1830,18
1831,75
1836,97
1837,18
1834,117
1835,70
3795,26
3090,57
1838,70
1839,110
3791,54
3790,81
3793,73
3792,68
2154,53
2155,76
939,80
938,40
2150,116
2151,78
2152,63
2153,58
933,84
932,48
931,44
930,52
937,147
936,94
935,70
934,134
3091,54
1955,117
1954,48
1957,71
1956,72
1951,78
1950,131
1953,147
1952,173
4408,146
1959,221
1958,88
4409,197
3249,58
3248,65
3096,106
3243,62
3242,67
3241,30
3240,106
3247,99
3246,42
3245,51
3244,63
4392,175
829,34
828,65
4405,105
825,104
824,65
827,24
826,113
821,54
820,29
823,84
822,52
4259,48
3097,116
4963,128
1536,86
4258,130
2409,85
4400,67
4312,116
3227,73
1483,64
1482,82
1481,92
1480,63
1487,112
1486,46
1485,32
1484,71
3306,82
3307,87
1489,88
1488,91
3302,68
3303,50
3300,121
3301,143
797,68
796,95
795,117
794,134
793,97
792,104
791,113
790,59
3050,54
1719,100
1718,115
2413,87
799,109
798,113
1270,81
2412,105
1271,120
2415,97
1272,67
2414,76
4362,116
4062,94
1139,115
1138,104
2417,61
3051,135
1133,77
1132,137
1131,92
1130,54
1137,38
1136,77
1135,92
1134,199
2419,194
4061,248
1276,134
2418,115
4066,112
1277,100
2790,129
3018,113
2791,81
3012,101
2796,85
3010,92
2793,170
3016,52
3017,57
3014,77
2797,130
519,85
518,62
2149,121
1009,129
1008,56
1007,17
1006,22
1005,65
1004,56
515,58
1002,59
517,35
1000,74
623,13
622,21
1225,48
620,24
627,34
626,97
625,36
624,65
4181,94
4180,100
629,93
628,47
4185,121
4184,178
1229,107
1228,53
4349,112
4348,82
3279,108
4346,65
4345,116
4344,119
1535,68
4342,181
4341,129
4340,105
2882,132
2883,93
2880,105
2881,108
2886,113
2887,97
2884,92
2885,130
2888,143
2889,45
2,36
4464,122
4257,197
4621,104
3878,114
3879,68
3196,50
4865,91
3870,108
3871,91
3872,119
3873,60
3874,125
3875,95
3876,70
3877,69
1286,131
4256,90
11,39
10,59
13,100
12,330
15,44
14,4
17,159
16,98
19,49
18,33
3118,176
3274,139
3275,93
2382,118
3272,37
3194,37
3904,72
3905,197
3906,119
3907,94
3900,89
3270,56
3902,74
3903,67
3027,61
3271,68
3908,106
3909,109
4761,57
4760,118
4763,115
3600,46
4765,93
3111,129
4767,121
4766,87
4769,70
4768,71
3193,155
4199,99
4167,177
4166,71
4165,103
4164,99
4163,88
4162,163
4161,89
4160,140
4268,136
2742,133
4169,99
4168,81
1534,236
3278,84
4321,120
3192,99
201,113
200,60
203,26
202,16
205,59
204,108
207,74
206,82
209,61
208,87
4717,80
2745,93
3476,103
1573,115
4553,103
3477,87
4706,171
1572,89
4320,177
3191,51
4197,101
1571,170
3471,116
2239,101
2238,85
1570,95
3472,71
2231,133
1577,93
2233,50
2232,47
2235,77
2234,56
2237,43
1576,157
1575,107
3190,70
4565,100
1574,84
2185,162
3498,158
3499,118
3496,88
3497,112
3494,96
2184,150
3492,141
3493,135
3490,118
3223,55
2095,103
2094,246
2097,231
2096,47
2091,67
2090,185
2093,220
4577,76
3654,105
3655,106
3656,77
3657,135
2099,78
2098,155
3652,88
3653,64
2525,163
2524,129
2527,87
2188,142
2521,16
2520,37
2523,72
2522,111
4602,52
2529,127
2528,99
4603,138
4494,105
4192,131
4600,85
3786,45
4493,55
4601,131
4492,148
4888,82
4889,113
2709,79
2708,57
2705,28
2704,94
2707,119
2706,108
2701,103
2700,204
2703,140
2702,100
4193,80
4090,65
4710,93
1829,97
1828,30
2951,136
1825,115
1824,91
1827,198
1826,26
1821,34
1820,114
1823,119
1822,76
928,74
929,81
2145,89
2144,126
2143,63
2142,33
2141,98
2140,76
920,88
921,100
922,61
923,118
924,97
925,20
926,59
927,68
3669,82
3950,122
4155,108
2411,108
4326,80
4191,76
4838,101
1920,84
1921,65
1922,116
1923,148
1924,76
1925,81
1926,111
1927,78
1928,126
1929,157
4226,114
3069,93
3145,139
832,124
833,95
830,47
831,95
836,56
837,122
834,63
835,123
4220,110
838,20
839,93
3478,93
3479,83
4821,79
4221,104
4222,70
4248,234
4622,121
4223,79
1986,84
4871,114
3332,187
3199,38
3941,60
3319,191
3318,57
4249,94
2511,107
3311,64
3310,86
3313,158
3312,89
3315,80
1987,186
1532,99
3316,39
784,110
785,20
786,70
787,36
780,6
781,90
782,42
783,49
1726,79
1727,101
1724,118
1725,105
788,96
789,98
1720,99
1721,49
4711,93
3361,59
2355,172
4878,120
3330,68
4380,106
2439,108
4386,100
60,149
61,87
62,77
63,62
64,40
65,82
66,69
67,46
68,31
69,147
3009,92
3008,60
1371,75
1588,80
1589,105
1370,84
1582,124
1583,97
1580,72
1581,136
1586,104
1373,143
1584,47
1585,85
2433,98
1038,92
1039,49
3317,93
508,62
509,56
1032,88
507,50
1030,55
505,56
502,30
503,50
500,100
501,72
1212,112
1213,67
632,77
633,35
1216,142
1217,101
636,10
637,38
638,82
639,60
1218,162
1219,60
3024,113
4814,90
4378,112
4379,171
4372,59
4373,101
4370,84
2416,44
3335,72
4377,51
4374,128
4375,152
465,56
4831,90
2899,107
1728,66
4811,263
3075,86
2895,65
2894,62
2897,62
1729,68
2891,83
2890,152
2893,119
2892,83
1106,46
1107,117
1104,155
1105,94
1102,58
1103,42
1100,16
1101,80
4457,59
3334,105
4903,41
1459,121
1108,70
1109,51
3862,56
4021,64
4082,100
3868,108
4084,114
4085,110
4086,76
4087,65
3863,50
1722,70
3861,78
3860,85
3867,66
3866,85
3865,72
1723,33
3737,96
3837,51
3736,92
3735,94
3831,151
1897,77
3733,138
1891,57
4466,65
3731,92
3730,92
3917,83
2136,79
3915,57
3914,20
3913,230
3912,178
3911,105
2137,52
4693,70
3919,114
3918,90
4519,61
4799,98
2794,67
4796,70
3932,145
4790,153
4791,128
4792,50
4694,60
3070,35
4153,78
4150,126
4151,178
4156,167
4157,172
4154,87
4030,132
4158,89
4159,78
4338,73
4699,175
4698,116
2965,25
4929,124
3071,117
4034,153
216,83
217,37
214,89
215,94
212,52
213,73
210,88
211,68
1530,77
4036,172
218,46
219,36
3094,49
2138,125
2139,188
4713,102
4680,77
4140,64
4836,89
4,32
4624,137
3489,107
3488,85
4368,95
3481,92
3480,102
3284,91
3482,59
3485,54
2669,77
3487,33
3486,51
4563,74
4562,92
4561,73
4560,72
4567,85
4566,92
3649,70
3648,128
3074,65
3646,81
3645,129
3644,59
3643,72
3226,116
3641,98
3640,179
2550,94
2551,102
2552,56
2553,106
2554,206
2555,24
2556,70
2557,108
2558,98
2559,122
3007,212
2396,53
2397,107
2394,89
2395,185
2392,90
2393,66
2390,57
2391,117
3001,92
4625,84
4928,128
4132,88
2398,104
2399,107
2778,95
2779,148
4899,146
4242,91
3003,69
3282,46
2770,68
2771,25
2772,117
2773,57
2774,52
2775,77
2776,73
2777,8
4081,195
3166,42
4817,135
2751,163
2803,108
4269,178
3940,66
3164,80
1858,91
1859,42
3165,71
3281,74
4419,81
4418,101
1850,77
1851,67
1852,107
1853,40
1854,61
1855,30
1856,142
1857,73
2172,92
2173,76
2170,139
2171,107
919,48
918,90
2174,179
2175,98
915,108
914,44
917,75
916,107
911,112
910,188
913,95
912,120
2604,82
2605,63
2606,258
2607,43
2600,75
2601,86
2602,123
2603,105
4270,139
3846,113
2608,81
2609,101
1933,116
1932,61
1931,66
1930,98
1937,154
1936,85
1935,103
1934,78
3269,84
3268,51
1939,39
1938,123
4719,157
3369,107
847,74
846,45
845,68
844,19
843,100
842,103
841,39
840,49
4277,88
849,65
848,60
3364,111
2406,25
4927,66
4276,36
663,43
1587,61
2407,116
1739,103
1738,22
1731,59
1730,76
1733,61
1732,102
662,122
1734,136
1737,49
1736,93
3895,66
2404,152
753,122
752,80
751,62
750,31
757,83
756,71
755,153
754,34
759,80
758,122
3780,106
1595,89
506,116
1597,68
1596,117
1591,77
1590,85
1593,89
1033,100
2954,119
2955,95
2956,73
2957,76
1599,102
504,55
2952,73
2953,102
1025,18
1024,30
1027,27
1031,46
1021,90
1020,71
1023,55
1022,80
1036,44
3785,26
1029,45
1028,71
1037,108
1034,53
4824,71
1035,188
3951,121
605,93
604,84
607,115
606,99
601,41
600,96
603,61
602,35
1205,67
1204,85
1207,106
1206,75
609,83
1200,49
1203,162
1202,98
1211,73
3997,221
634,101
4279,124
635,45
3108,123
1214,45
3104,101
3105,133
3106,54
1215,61
3100,43
3101,112
3102,96
3103,110
1111,51
1110,151
1113,105
1112,133
1115,32
1114,63
1117,55
464,79
1119,132
1118,94
4278,138
467,67
1449,109
1448,93
4093,102
4092,126
4091,103
466,75
4097,56
4096,102
4095,147
4094,126
1357,114
4099,121
4098,60
4931,89
460,23
4585,65
1355,120
489,83
488,31
487,96
486,59
485,25
1354,92
483,96
482,81
481,54
480,82
4310,103
4586,111
4853,138
4550,53
4827,68
4852,106
4725,154
4401,102
4851,159
3705,76
4724,121
4850,171
4727,134
3922,78
3923,77
3920,102
3921,119
3299,89
3927,107
3924,87
3925,155
4721,105
3928,80
3929,135
3993,55
4327,86
4723,121
3647,125
4788,172
4787,105
4786,215
4785,94
4289,168
4783,125
4782,145
4307,121
4780,127
4681,82
4371,107
4149,105
4148,69
4145,115
4144,113
4147,93
4146,87
4141,117
3992,77
4143,105
4142,159
3856,131
3857,126
3854,88
3855,76
3852,141
3853,87
3850,101
3851,165
3858,91
3859,59
3848,67
4497,106
4822,128
4946,87
3005,105
4635,109
3283,79
4305,82
4869,128
2898,96
4904,100
4823,128
3004,101
4883,150
4647,130
4926,116
4932,108
3665,52
2896,62
199,77
198,54
3664,69
195,50
194,23
197,69
196,62
191,66
190,136
193,56
192,77
3678,135
3679,82
4558,46
4559,67
3672,69
3673,44
3670,108
2408,101
3676,103
3677,95
3674,40
3675,155
2543,89
1454,127
2541,51
2540,47
2547,46
2546,21
2545,33
1455,70
3006,108
2549,135
3662,87
1456,107
2381,94
2380,74
2383,96
1457,105
2385,144
2384,117
2387,160
2386,30
2389,94
1450,81
1451,95
3580,110
3581,90
2769,107
2768,109
3584,113
1452,84
3586,236
3259,170
2763,56
2762,107
2761,99
1453,80
2767,87
2766,24
2765,103
2764,90
4309,98
1949,166
4229,83
2007,51
4260,153
902,141
903,111
900,66
901,34
906,48
907,162
904,77
905,136
1843,68
1511,108
908,90
909,70
1847,101
1846,95
1845,56
1844,39
4308,126
3250,88
4958,58
4623,87
2169,119
2168,82
3251,106
2165,118
2164,120
2167,80
2166,73
2161,89
2160,63
2163,200
2162,79
2617,62
2616,67
2615,163
2614,96
2613,32
2612,68
2611,45
2610,88
3254,151
4540,80
4627,184
2619,49
1947,80
4718,114
4541,161
4083,144
3298,105
3256,153
1908,112
1909,112
1906,70
1907,134
1904,81
1905,123
1902,172
1903,109
1900,125
1901,72
854,81
855,113
856,164
857,121
850,54
851,43
852,77
853,83
3458,52
3459,137
858,69
859,37
3293,63
4088,166
4455,40
6,84
2463,26
4546,220
4914,144
4428,189
4813,104
3864,99
4589,107
4915,83
4571,102
4588,208
4912,223
740,78
741,51
742,49
743,49
744,60
745,85
746,91
747,62
748,72
749,14
2912,107
3063,83
3062,117
3061,98
1798,57
3067,151
3066,18
2949,59
2948,193
2947,42
2946,159
2945,116
2944,85
2943,100
2942,94
2941,109
2940,29
1050,68
1051,20
1052,64
1053,72
1054,93
1055,79
1056,78
1057,68
1058,61
1059,37
2917,77
1696,146
1697,62
1694,37
1695,145
1692,43
1693,131
1690,68
1691,104
4272,156
2595,93
1791,59
1698,59
1699,109
1278,64
1279,54
618,59
619,101
4314,70
4315,81
4316,112
4317,71
612,53
613,108
610,67
611,81
616,125
617,103
614,78
615,96
1795,68
4911,106
4429,226
1794,66
3333,62
4816,55
3119,87
1491,49
3117,69
3116,44
3115,90
3114,35
3113,30
3112,80
2469,264
3110,82
1472,122
1473,103
1470,66
1471,73
1476,94
1477,128
1474,80
1475,121
3337,102
1478,53
1479,77
3336,109
1304,76
1305,101
1306,81
1307,153
1300,112
1301,95
1302,116
1303,107
1497,126
1308,51
1309,105
3308,31
3590,79
498,73
499,13
3280,105
494,64
495,90
496,67
497,55
490,110
491,74
492,16
493,55
24,79
25,97
26,97
27,80
20,115
21,106
22,38
23,178
3732,107
2593,89
28,117
29,52
4311,75
3262,86
4467,70
3939,149
3938,160
4415,63
3935,74
3934,32
3937,61
3936,83
3931,127
3930,128
3933,78
2599,147
1703,118
3265,132
4138,58
4139,75
4434,76
4130,92
4131,95
3224,63
4133,196
4134,67
4135,92
4136,191
4137,110
3841,158
3840,115
3264,68
1875,40
3845,86
3844,86
3847,149
1709,113
3849,69
3671,158
4612,49
4465,94
4430,104
4923,71
4433,47
3916,74
4432,37
4920,50
3267,71
4818,80
4462,90
4044,98
4045,51
4046,115
4047,70
4040,89
4042,94
4043,89
4847,116
3910,65
4048,137
4049,127
3266,108
7,50
3982,69
4463,94
1879,87
4921,90
2288,51
2289,71
3667,117
3666,93
3661,54
3660,101
3663,106
2050,152
2280,131
2281,94
2282,73
2283,94
2284,154
2285,28
2286,36
2287,67
4549,172
4548,90
3815,47
4460,101
4538,70
4543,63
4542,65
4545,160
4544,113
4547,85
972,119
4828,185
2578,68
2579,150
2576,99
2577,102
2574,54
2056,146
2572,41
2573,112
2570,38
2571,63
3690,55
2378,72
2379,71
4461,118
3691,131
2374,113
2375,40
2376,30
2377,129
2370,121
2371,77
2372,93
2373,57
2594,100
1087,99
2596,90
2597,63
2590,123
2591,102
2592,59
1086,58
4530,167
3599,266
3598,50
2598,62
1085,169
3695,122
1876,69
1877,200
1874,81
1084,73
1872,76
1873,168
1870,84
1871,35
1083,89
4533,89
4439,213
4438,85
1878,76
1082,132
977,102
976,49
975,52
974,60
973,177
1081,101
971,65
970,92
1080,69
4949,77
4948,77
979,52
978,102
182,37
183,44
180,23
181,75
186,91
187,103
184,17
185,36
2110,76
2111,81
188,78
189,66
2114,133
2115,130
2116,111
1559,85
2622,71
2623,42
2620,63
2621,98
2626,66
2627,15
2624,115
2625,104
2628,88
2629,26
4089,61
1919,25
1918,122
4592,69
1464,122
3289,138
3288,39
1911,124
1910,66
1913,76
1912,84
1915,43
1914,117
1917,20
1916,103
869,70
868,60
2113,104
3449,88
3448,93
3141,83
861,22
860,124
863,51
862,196
865,59
864,62
867,26
866,113
2024,95
2025,124
2026,91
2027,156
2020,178
2021,76
2022,172
2023,56
4557,130
3144,102
2117,126
2028,97
2029,89
2758,98
2759,51
883,71
882,115
881,50
880,39
887,6
886,69
885,110
884,62
4217,58
889,51
888,27
4590,131
3148,61
3149,53
4014,67
3970,79
3729,156
4591,185
4555,57
3988,74
4800,89
3973,42
775,61
774,100
777,116
776,117
771,74
770,22
773,73
772,128
4596,71
779,63
778,60
4675,74
77,87
76,87
75,92
74,102
73,121
72,101
71,95
70,59
2972,87
2973,110
2970,91
2971,66
2976,79
2977,30
79,74
78,107
1043,44
1042,33
1041,53
1040,79
1047,42
1046,102
1045,154
1044,73
4597,106
1049,27
1048,143
1681,72
1680,56
1683,95
1682,105
1685,120
1684,81
1687,67
1686,103
1689,48
1688,35
3983,68
3025,107
4303,69
4302,98
1269,67
1268,158
3341,46
4306,120
669,57
668,44
1263,181
1262,164
665,71
664,90
1267,67
1266,54
1265,120
1264,96
3287,93
3021,215
3286,104
3095,102
3020,87
3285,71
4212,119
3128,126
3129,124
4595,182
3122,95
3123,104
3120,114
3121,92
3126,31
3127,105
3124,83
3125,63
1469,69
1468,42
3977,90
1465,52
1018,123
1467,87
1466,103
1461,100
1460,154
1463,57
1019,70
1317,131
1316,115
1315,113
1314,51
1313,75
1312,62
1311,99
1310,50
3276,70
1319,55
1318,47
4608,95
3976,150
4239,102
4238,68
4237,101
4236,98
4235,64
4234,191
4233,108
4232,154
4231,67
4230,91
3547,129
2460,206
1010,199
4587,87
1011,52
3445,104
4609,120
4454,82
3035,104
3444,104
3447,68
3948,64
3949,55
319,20
318,193
3403,144
4214,60
313,29
3441,196
311,101
310,84
317,60
316,57
315,38
314,68
4606,65
4216,80
3491,94
3443,147
4211,109
3442,193
4210,135
2756,101
3402,94
4128,92
4198,69
2757,126
4123,119
4122,123
4121,135
4120,246
4127,238
2754,110
4125,121
4124,99
1335,98
2755,105
3722,45
1334,156
2752,71
1337,78
3658,49
2753,110
3405,93
4707,177
1336,85
2750,122
2322,121
1331,181
2698,62
4604,92
4705,95
4459,87
1330,63
4218,90
4704,83
1333,103
4703,80
1332,118
4366,52
3404,90
4702,195
3273,40
4056,95
4055,65
2694,74
4053,85
4052,125
4051,157
4050,159
2693,69
4605,56
2324,167
4458,109
4059,50
2692,140
630,46
4930,78
3843,137
4361,71
4673,162
3407,175
2461,34
4359,74
3610,64
3611,101
2299,70
2298,121
2969,56
3615,115
3616,104
3617,52
2293,21
2292,47
2291,30
2290,51
2297,66
2296,102
631,62
2294,184
3842,69
4360,221
3406,169
2569,87
2568,84
4357,107
2561,48
2560,92
2563,82
2562,86
2565,82
2564,77
2567,90
2566,86
1521,50
2369,104
2368,109
2367,102
2366,154
2365,28
2364,56
2363,110
2362,91
2361,74
2360,38
2587,70
2586,109
2585,39
2584,109
2583,78
2582,127
2581,114
2580,97
4933,128
4080,112
2589,186
2588,100
1861,45
1860,154
1863,149
1862,63
1865,90
1864,44
1867,103
1866,93
1869,87
1868,71
3726,54
3727,137
3720,219
3721,111
3207,121
3723,84
964,69
965,68
966,37
967,52
960,54
961,75
962,54
963,93
4938,112
4934,68
968,63
969,114
4688,99
4689,96
2109,105
2108,79
2103,72
2102,69
2100,101
2107,133
2106,74
2105,79
2104,67
2639,135
2638,103
4935,53
2635,76
2634,38
2637,128
2636,32
2631,57
2630,82
2633,121
2632,63
4870,132
4672,94
3527,72
1560,76
3438,118
1241,68
4936,120
878,131
1240,85
876,62
877,98
874,99
875,89
872,69
1243,154
870,63
871,70
2037,47
2036,133
2035,36
1242,67
2033,146
2032,132
2031,69
2030,43
9,92
1245,50
4598,102
4599,86
4840,72
3483,73
2039,123
1244,90
890,65
891,95
892,55
893,31
894,113
1247,49
896,24
897,123
898,89
899,99
646,39
3651,253
4968,99
3484,74
1249,112
648,75
3236,75
3237,88
3544,82
3545,102
3546,51
3099,86
3540,83
3234,131
3542,162
3011,30
4369,66
3235,53
3548,158
1537,111
1964,160
4420,72
1965,95
1966,38
4939,155
1788,93
1789,56
768,6
769,125
2961,69
2960,82
2963,100
2962,142
762,297
763,66
760,70
761,85
766,44
767,129
764,41
765,152
3049,80
3048,103
1962,190
3041,111
3040,66
3043,84
1963,119
3045,13
3044,88
3047,117
3046,92
4568,86
1078,72
1079,108
1076,81
1077,268
1074,78
1075,52
1072,181
1073,93
1070,69
1071,56
1678,24
1561,42
3030,34
1674,159
1675,111
1676,143
1677,89
1670,120
1671,130
1672,70
1673,111
1094,103
1095,100
1096,54
1097,57
1090,70
1091,66
1092,72
1093,44
674,74
675,56
676,166
677,133
1098,38
1099,70
672,36
673,38
3135,107
3134,59
3137,53
3136,77
3131,44
3130,85
3133,38
3132,80
3139,36
3138,163
3015,73
4774,186
1533,65
4630,123
4443,123
1418,88
1419,117
2490,115
1410,63
1411,101
1412,86
1413,130
1414,59
1415,86
1416,76
1417,35
1322,85
1323,71
1320,91
1321,104
1326,70
1327,69
1324,105
1325,60
4444,97
4646,58
1328,101
1329,90
2494,75
4208,144
4209,100
4644,87
4202,128
4203,65
4200,132
5,72
4206,110
4207,178
4204,55
4205,143
1531,140
4636,158
4445,89
2874,122
3618,224
1256,113
1257,62
1254,10
1255,68
1252,90
1253,62
1250,45
1251,81
1528,88
1529,114
1258,71
1259,97
308,81
309,42
3959,85
3958,68
300,44
301,117
302,70
303,70
304,92
305,51
306,71
307,102
4116,95
4114,91
4115,121
4113,87
4110,54
4111,58
1792,121
4118,117
4119,78
4634,78
2254,32
2858,102
2575,108
2978,73
2979,85
4872,108
3340,95
4448,88
3058,102
3059,170
2475,62
3415,70
3056,148
2474,100
3057,106
4789,15
3054,131
4449,122
3700,84
3204,74
4063,112
4060,53
3055,113
3528,124
4064,177
4065,105
3052,50
4068,87
4069,99
3412,114
3053,126
4893,133
4442,84
2974,107
4892,108
4639,88
2975,77
4891,99
3603,187
3602,100
3601,70
473,86
3607,41
3606,112
3605,100
3604,80
4897,96
3609,118
3608,131
3413,54
4896,96
4487,139
2479,140
4638,158
2478,128
4435,73
4945,70
470,94
2950,49
2990,102
2358,122
2359,48
2352,61
2353,79
2350,159
2351,138
2356,99
2357,100
2354,137
471,108
2991,96
3398,134
4965,93
4453,56
4452,67
4451,59
4450,112
1898,196
1899,53
3739,125
3738,57
1894,79
1895,102
1896,90
1443,142
1890,131
476,118
1892,57
1893,91
959,37
958,56
2134,122
2135,76
2132,54
2133,126
2130,152
2131,64
951,149
950,155
953,49
952,96
955,187
954,146
957,59
956,107
4784,86
1442,113
477,113
4574,166
2648,62
2649,65
4801,175
2640,49
2641,101
2642,87
2643,104
2644,20
2645,75
4637,126
2647,97
4803,141
4941,140
4333,52
4804,87
4575,173
4805,81
3429,77
3428,85
4806,121
4924,104
3423,89
3422,54
3421,53
3420,71
3427,162
3426,34
3425,93
3424,68
2002,103
2003,159
2000,55
2001,142
2006,90
1440,66
2004,51
2005,88
3901,51
3033,105
2008,146
2009,78
4581,96
4187,99
4583,130
4582,99
4414,72
2034,128
1790,64
3331,74
2852,85
4300,76
4411,167
3026,63
4410,151
4825,92
3557,46
3197,145
3555,157
3554,119
3553,178
3552,125
3551,65
3550,143
4304,66
3559,90
3558,104
667,76
4578,125
666,85
2176,58
4779,133
1261,46
4944,89
2177,111
2910,85
2911,133
1799,99
1260,86
2914,26
2915,133
719,128
718,63
717,69
716,50
715,95
714,84
713,71
712,136
711,93
710,57
4967,78
661,99
4966,106
4328,77
660,55
2178,38
4078,116
1069,72
1068,83
2179,37
4641,96
1061,85
1060,57
1063,32
1062,48
1065,137
1064,44
1067,105
1066,120
3023,38
4961,59
1669,78
1668,205
1667,120
1666,142
1665,60
1664,95
1663,70
1662,83
1661,46
1660,73
591,99
590,60
593,53
592,18
595,62
594,67
597,91
596,117
599,55
598,86
4323,80
4322,107
4325,67
4324,50
1089,56
1088,44
3140,134
3022,61
3142,109
3143,32
2828,146
2829,151
3146,144
3147,111
2824,122
2825,94
2826,86
2827,77
2820,121
2821,324
2822,120
2823,55
3386,71
3387,59
3384,67
3385,75
3382,84
3383,138
3380,151
3381,108
4807,83
3388,109
3389,84
1409,88
1408,22
1403,90
1402,62
1401,86
1400,67
1407,44
1406,109
1405,83
1404,105
4215,98
1546,33
449,57
448,55
1339,113
1338,127
4213,80
1547,67
443,89
442,76
441,58
440,38
447,70
446,138
445,41
444,29
1520,136
4947,125
4570,201
4436,40
1542,94
1543,76
3261,102
39,176
38,98
4201,88
1540,123
3260,38
33,71
32,119
31,119
30,132
37,206
36,112
35,77
34,103
641,53
640,127
643,65
642,71
645,38
644,66
647,91
1246,105
649,86
1248,118
3098,47
2496,199
1539,59
1538,73
339,33
338,89
335,102
334,78
337,82
336,154
331,101
330,105
333,97
332,111
4101,86
4100,107
4103,167
4102,75
4105,89
4104,95
4107,116
4106,95
4109,98
4108,109
4593,105
1026,95
4536,95
4626,73
3377,96
3898,128
3899,78
4907,100
3892,77
3893,137
3890,34
3891,90
3896,99
3897,141
3894,108
2118,221
3467,98
4499,93
3466,72
4918,117
3195,76
4962,80
3464,122
4245,74
8,89
3463,88
2119,203
3462,70
4619,115
4079,59
3461,84
5000,64
4075,118
4074,39
4077,232
3460,60
4071,76
3375,149
4073,76
4072,90
3966,140
3967,94
3964,81
3965,93
3962,190
3963,77
3960,76
3704,121
3200,62
1462,61
3968,92
3969,156
2854,91
3435,42
3638,38
3639,72
3636,75
3637,104
3634,89
3635,140
3632,198
3633,106
3630,82
3631,66
4611,68
3469,115
4610,118
3468,105
4613,122
1991,83
2345,54
2344,55
2347,107
2346,56
2341,81
2340,100
2343,328
2342,138
4615,93
2349,139
2348,155
4614,101
4617,114
3253,110
4616,93
3708,94
4898,101
1889,255
1888,102
1887,51
1886,62
1885,79
1884,127
1883,66
1882,61
1881,152
1880,93
2121,54
2120,121
2123,47
2122,28
2125,122
2124,8
948,28
949,83
946,6
947,139
944,112
945,55
942,6
943,64
940,93
941,65
3038,110
3942,125
2410,129
2659,46
2658,54
2653,27
2652,63
2651,114
2650,98
2657,19
2656,196
2655,36
2654,75
133,74
132,93
131,158
130,74
137,137
136,73
135,93
134,98
139,240
138,216
3418,77
3419,133
3518,85
4868,128
4393,185
2019,38
2018,243
2015,48
2014,170
2017,170
2016,122
2011,105
2010,108
2013,76
2012,154
4970,97
3277,70
1793,89
3562,72
3563,89
3560,139
3561,74
3566,57
3567,140
3564,70
3565,125
3034,102
3568,68
2112,117
4484,105
4485,110
4486,152
3000,74
4480,106
4481,82
4482,128
4483,104
4488,74
4489,69
2903,132
2902,75
2901,63
2900,151
708,114
709,109
2905,63
2904,43
704,104
705,171
706,44
707,49
700,94
701,64
702,88
703,98
3037,105
88,142
89,167
3926,77
4793,113
82,104
83,118
80,168
81,158
86,82
87,102
84,76
85,213
3036,181
1658,71
1659,56
1652,74
1388,117
1650,51
1651,54
1656,84
1657,121
1654,33
1389,77
586,116
587,31
584,36
585,53
582,111
583,127
580,51
581,41
1984,28
588,185
589,31
3153,27
3152,197
3151,86
1633,48
3157,91
3156,69
2839,72
2838,65
2837,65
1982,73
2835,109
2834,94
2833,190
2832,112
2831,75
1983,167
1436,64
1437,75
1434,73
1435,81
1432,86
1433,79
1430,90
1431,100
3399,82
1380,34
1981,124
1438,36
1381,86
1541,123
1348,92
459,60
4262,72
4263,105
4264,68
4265,68
4266,47
4267,135
450,46
451,93
452,95
453,37
1344,111
1345,110
456,91
457,96
3702,141
3703,79
3032,99
4895,87
3701,92
3263,61
3368,110
3706,98
4943,67
3707,115
656,64
657,76
654,81
655,54
652,75
653,110
650,48
651,43
3085,129
3084,74
1508,111
1509,157
3081,27
3080,91
658,82
516,46
3943,56
3944,45
3945,92
4182,97
3946,106
4668,89
3947,122
4669,113
1992,47
3884,76
3887,71
3886,111
3881,163
2127,71
3883,69
3882,67
2126,103
3889,103
3888,169
2129,60
2128,50
4666,71
4650,78
2815,94
4667,68
2814,89
4660,79
4665,65
4661,88
4662,107
4900,79
4663,79
4762,47
4653,95
4008,94
4009,139
1376,85
4000,103
4001,78
4002,106
4003,144
4004,53
4005,144
4006,74
4007,233
322,104
323,89
320,74
321,66
326,49
327,87
324,126
325,134
3979,148
3978,91
328,80
329,58
3365,168
3629,83
3628,100
4942,91
3621,69
2819,52
3623,115
3622,113
3625,113
3624,72
1340,50
2818,114
3989,100
4281,71
4406,117
4764,90
4866,88
2330,72
2331,123
2332,67
2333,149
2334,119
2335,75
2336,76
1594,58
2338,51
2339,97
4285,84
1341,78
3072,84
4350,57
3073,29
1995,137
2958,83
3642,93
4867,113
2959,50
3715,136
3714,84
3717,96
3716,138
3711,152
3076,69
3713,69
3712,133
1592,96
3719,41
3718,85
4126,116
4479,99
3078,19
3079,71
4471,129
4470,122
4473,101
4472,96
4475,125
4474,264
4477,107
4476,82
4909,105
4908,82
2488,77
2489,117
2486,73
2487,103
2484,63
2485,113
2482,93
2483,123
2480,79
1598,58
3252,53
2248,81
2249,103
2244,67
2245,88
2246,119
2247,119
2240,98
2241,54
2242,30
2243,85
995,67
994,49
997,122
996,74
991,31
990,115
993,98
992,105
999,71
998,51
120,125
121,90
122,60
123,75
124,93
125,68
126,349
127,55
128,57
129,77
4875,75
3416,124
4877,101
4876,111
4271,120
3379,141
4873,61
3417,101
3378,74
4879,162
3414,47
2068,33
2069,92
2798,95
2799,199
2060,51
2061,206
2062,31
2063,99
2064,110
2065,108
2066,82
2067,79
3374,100
3410,70
3373,110
3411,92
3255,84
3372,112
3371,133
4810,122
3370,57
3579,65
3578,69
3961,193
3575,89
3574,113
3577,97
3576,78
3571,61
3570,72
3573,215
3572,118
2666,110
2667,91
2664,59
2665,36
2662,86
2663,48
2660,58
2661,75
1748,95
2668,13
1749,79
3668,121
2938,161
2939,79
2936,112
2937,93
2934,107
2932,20
2933,52
2930,114
2931,110
4498,76
3799,50
3595,25
1645,113
1644,127
1647,88
1646,82
1641,82
1640,137
1643,77
1642,106
1649,162
1648,45
4228,115
1742,100
3794,46
1743,105
3797,172
4365,85
579,46
578,50
4364,98
573,86
572,33
570,46
577,115
576,138
575,72
574,40
2808,144
2809,43
4956,67
3168,114
3169,50
2802,160
1209,42
2800,123
2801,42
2806,127
2807,130
2804,143
1208,80
1421,60
1420,32
1423,57
1422,43
1425,183
1424,88
1427,32
1426,75
1429,53
1428,175
3366,76
3367,96
3360,97
2156,41
3362,175
3363,80
731,97
730,120
733,106
732,96
735,84
734,102
737,50
739,116
738,57
2403,95
4273,155
4057,126
1359,72
1358,66
469,79
468,98
4275,119
4274,87
1353,122
1352,93
1351,54
1350,87
461,83
1356,83
463,28
462,28
4884,50
4862,80
4054,210
4863,150
3393,52
4905,81
4860,80
1273,60
4858,98
4861,90
4224,184
2158,107
4885,48
2159,49
1519,123
1518,76
3392,72
1515,84
1514,117
1517,91
1516,144
1274,32
1510,115
1513,70
1512,108
3031,116
4225,154
4754,89
4886,85
4651,136
3395,90
1735,64
4859,131
1275,24
4058,71
4478,111
3184,89
3185,58
3186,77
3187,107
3180,100
3181,89
3182,53
3183,148
3188,27
3189,86
4227,78
3214,96
3397,113
4219,109
3201,165
4857,114
4423,111
3109,106
4019,158
4018,87
4013,128
4012,80
4011,165
4010,105
4017,87
4016,52
4015,87
3396,59
357,79
356,104
355,69
354,55
353,85
352,86
351,34
350,38
3984,94
3985,57
3986,71
3987,116
3980,106
3981,163
359,53
358,41
4998,75
4833,120
3107,67
3612,198
4855,103
3613,144
4421,77
3614,88
2323,70
1447,65
2321,155
2320,131
2327,62
2326,59
2325,56
1446,95
4772,94
2329,40
2328,96
1445,91
4709,98
4854,50
289,36
288,51
1444,73
2830,87
3619,58
281,78
280,42
283,52
282,30
285,72
284,30
287,78
286,91
3760,116
3761,57
3762,84
3763,152
3764,183
1441,108
3766,118
3767,126
3768,57
3769,83
1116,143
4701,175
263,80
262,24
261,51
260,54
267,75
266,120
265,40
264,102
269,91
268,50
1562,61
4697,95
2499,55
2498,116
4648,97
1563,169
1980,138
4632,98
2491,54
1564,55
2493,73
2492,66
2495,101
2192,37
2497,57
1565,82
4424,84
4539,112
2193,214
1566,124
2259,148
2258,98
2257,76
2256,89
2255,195
1567,96
2253,125
2252,109
2251,46
2250,118
2477,94
2476,55
988,119
989,97
2473,129
2472,80
2471,62
2470,178
982,77
983,129
980,57
981,149
986,49
987,52
984,61
985,63
115,85
114,258
117,96
116,79
111,100
110,75
113,80
112,143
119,127
118,80
3432,52
2785,158
2784,123
2787,74
2786,40
2781,45
2780,79
2783,78
2782,123
4808,75
4809,104
2789,110
2788,131
1797,55
2079,148
2078,146
2073,119
2072,230
2071,51
2070,53
2077,59
2076,216
2075,40
2074,102
1796,80
4969,109
4363,125
3221,178
3508,106
3509,119
3500,165
3501,69
3502,278
3503,110
3504,66
3505,93
3506,106
3507,114
2671,127
2670,82
2673,59
2672,120
2675,91
2674,81
2677,105
2676,135
2679,30
2678,48
3220,144
2929,78
2928,66
4027,86
2921,198
2920,73
2923,39
2922,122
2925,28
2924,141
2926,120
3394,111
2907,54
4906,82
2906,24
1630,72
1631,51
1632,79
484,66
1634,60
1635,140
1636,82
1637,131
1638,95
1639,104
3218,123
3219,64
1988,100
1989,186
3222,88
4738,92
2909,79
568,24
569,52
2817,94
2816,93
2811,96
2810,117
2813,111
2812,80
560,95
561,108
562,58
563,105
564,56
565,31
566,71
567,88
3179,78
3178,167
3171,84
3170,100
3173,85
3172,56
3175,112
3174,140
3177,78
3176,66
4894,168
4376,86
4964,73
1188,99
1189,77
1186,84
1187,77
1184,129
1185,68
1182,52
1183,121
1180,59
1181,156
726,67
727,121
724,165
725,22
722,65
723,61
720,67
721,54
1744,81
1745,116
1746,49
1747,105
1740,64
1741,65
728,60
729,141
1164,93
1165,42
1166,79
1167,75
1160,116
1161,55
1162,127
1163,30
4246,91
4247,95
4244,75
3309,86
1168,70
1169,94
4240,88
4241,83
4649,138
3092,58
3304,82
472,72
2913,32
3305,68
48,61
49,40
46,111
47,163
44,90
45,144
42,214
43,87
40,72
41,103
1568,58
1569,92
1298,69
1299,135
4720,70
4431,81
1292,60
1293,105
1290,79
1291,107
1296,141
1297,97
1294,77
1295,89
1713,118
474,25
1712,84
475,115
1711,44
2425,91
3747,62
1710,73
1997,116
1717,128
4960,46
1716,63
4398,66
4399,59
1715,67
4441,90
4390,60
4391,97
1201,73
1714,48
4394,127
4395,87
4396,96
4397,169
1366,35
1367,122
1364,134
1365,85
1362,153
1363,156
1360,81
1361,84
3728,18
478,61
479,76
2916,131
3699,66
1368,17
1369,68
